funcao,melhor_caso,media_dos_casos,pior_caso
Shell,0.000007303000000,0.001673464521067,0.005872897000000
ShellSort,0.004317604000000,0.005939269118867,0.016591844000000
Bubble,0.000006458000000,0.004373117845267,0.013039000000000
QuickSort,0.000042065000000,0.000227165941067,0.000705195000000
SelectionSort,0.002149990000000,0.003257510605533,0.009480031000000
MergeSort,0.000127572000000,0.000295663913067,0.001025673000000
