funcao,melhor_caso,media_dos_casos,pior_caso
Shell,0.000000716000000,0.000023946000000,0.000002317000000
ShellSort,0.000001123000000,0.000068574000000,0.000035314000000
Bubble,0.000000720000000,0.000026117000000,0.000001884000000
QuickSort,0.000000796000000,0.000028078000000,0.000002474000000
SelectionSort,0.000000800000000,0.000027652000000,0.000002292000000
MergeSort,0.000001048000000,0.000037928000000,0.000007015000000
