funcao,melhor_caso,media_dos_casos,pior_caso
Shell,0.000000364000000,0.292476250000000,0.000033641000000
ShellSort,0.000002201000000,0.769330550000001,0.000037404000000
Bubble,0.000000318000000,0.646736374999997,0.000022736000000
QuickSort,0.000000682000000,0.355008875000000,0.000015626000000
SelectionSort,0.000001252000000,0.513154074999998,0.000077946000000
MergeSort,0.000001523000000,0.497960300000000,0.000022058000000
